{
  "120363416904160189@newsletter": {
    "ai_interactive": true
  },
  "601119496612@s.whatsapp.net": {
    "ai_interactive": true
  },
  "120363399000404313@newsletter": {
    "ai_interactive": true
  },
  "120363417555866649@g.us": {
    "ai_interactive": false
  },
  "120363418570202523@g.us": {
    "ai_interactive": false
  },
  "120363312241557588@g.us": {
    "ai_interactive": false
  },
  "120363418699483752@g.us": {
    "ai_interactive": false
  },
  "120363397706309976@newsletter": {},
  "120363417388407236@newsletter": {
    "ai_interactive": true
  },
  "120363405481413042@newsletter": {
    "ai_interactive": true
  },
  "120363418982467070@newsletter": {},
  "120363316861074819@g.us": {
    "ai_interactive": false
  },
  "120363402044873772@newsletter": {},
  "120363418435967064@newsletter": {
    "ai_interactive": true
  },
  "120363399087688703@g.us": {
    "ai_interactive": false
  },
  "120363386788052288@newsletter": {
    "ai_interactive": true
  },
  "120363418800408707@newsletter": {
    "ai_interactive": true
  },
  "120363381003548363@newsletter": {
    "ai_interactive": true
  },
  "120363294951151270@g.us": {
    "ai_interactive": false
  },
  "120363418009720100@newsletter": {
    "ai_interactive": true
  },
  "120363404857764766@newsletter": {
    "ai_interactive": true
  },
  "120363417810653609@newsletter": {
    "ai_interactive": true
  },
  "120363402246418667@newsletter": {},
  "120363375794043624@newsletter": {
    "ai_interactive": true
  },
  "120363340344414811@newsletter": {},
  "120363322043759229@newsletter": {
    "ai_interactive": true
  },
  "120363418729430120@newsletter": {
    "ai_interactive": true
  },
  "120363323118002960@newsletter": {
    "ai_interactive": true
  },
  "120363390520941802@newsletter": {
    "ai_interactive": true
  },
  "120363397307145011@newsletter": {
    "ai_interactive": true
  },
  "120363419751794544@newsletter": {},
  "120363374335209323@newsletter": {
    "ai_interactive": true
  },
  "120363351064505930@newsletter": {},
  "120363303672554422@g.us": {
    "ai_interactive": false
  },
  "120363395596221790@newsletter": {
    "ai_interactive": true
  },
  "120363400321589684@newsletter": {
    "ai_interactive": true
  },
  "120363400565632824@newsletter": {
    "ai_interactive": true
  },
  "120363397812620997@newsletter": {
    "ai_interactive": true
  },
  "120363302760401848@newsletter": {
    "ai_interactive": true
  },
  "120363378175074413@newsletter": {
    "ai_interactive": true
  },
  "120363027960333144@g.us": {},
  "6285806072680-1598855226@g.us": {
    "ai_interactive": false
  },
  "120363419632837410@newsletter": {
    "ai_interactive": true
  },
  "120363398453636721@newsletter": {
    "ai_interactive": true
  },
  "120363421033256357@newsletter": {
    "ai_interactive": true
  },
  "120363376405027078@newsletter": {
    "ai_interactive": true
  },
  "120363319809206647@newsletter": {
    "ai_interactive": true
  }
}